id,first_name,last_name,email,phone,address
1,Dionisio,Leavry,dleavry0@dmoz.org,+351 768 487 0973,35 Bay Court
2,Xavier,Szymanzyk,xszymanzyk1@google.cn,+47 191 633 1316,9919 Hintze Park
3,Tomkin,Alcide,talcide2@icq.com,+234 230 375 5863,208 Delaware Junction
4,Keriann,Colwill,kcolwill3@cnn.com,+62 661 995 4024,137 Grayhawk Terrace
5,Pacorro,O'Fogarty,pofogarty4@psu.edu,+63 912 581 3750,161 Eagle Crest Plaza
6,Graeme,Hambers,ghambers5@youtu.be,+226 212 572 3936,41882 Judy Place
7,Fay,Colvill,fcolvill6@hud.gov,+47 876 716 3722,8 Riverside Trail
8,Anastassia,Newbatt,anewbatt7@nbcnews.com,+64 120 143 5045,96 Southridge Terrace
9,Francesco,Collerd,fcollerd8@bigcartel.com,+970 241 572 4980,9 Sutherland Drive
10,Kellyann,Stollwerck,kstollwerck9@seattletimes.com,+81 614 929 4596,9 Pepper Wood Center
11,Merlina,McNalley,mmcnalleya@paginegialle.it,+229 787 373 3146,65967 Melby Street
12,Phaedra,Aston,pastonb@huffingtonpost.com,+81 972 492 6471,367 Red Cloud Way
13,Bar,Gawler,bgawlerc@cdbaby.com,+86 200 169 1720,808 Coleman Point
14,Gabriel,Kennaway,gkennawayd@studiopress.com,+63 803 520 2315,08288 Meadow Ridge Pass
15,Tommie,De Bernardi,tdebernardie@drupal.org,+234 493 972 8123,3304 Thompson Pass
16,Arline,Blenkinsop,ablenkinsopf@dropbox.com,+86 430 257 4848,3158 School Street
17,Archy,Hedditeh,ahedditehg@clickbank.net,+374 621 441 0858,49789 Schlimgen Lane
18,Sandi,Prandy,sprandyh@slashdot.org,+64 968 471 2516,4127 Melvin Avenue
19,Marius,Roebottom,mroebottomi@ifeng.com,+46 821 927 6543,6 Summer Ridge Way
20,Constance,Rickets,cricketsj@amazon.co.uk,+86 678 756 2576,4854 Algoma Drive